<config xmlns:xsi="http://www.w3.org/2001/XMLSchema-instance">
 
    <cache alias="pscache">
        <key-type>java.lang.String</key-type>
        <expiry>
            <ttl unit="seconds">9000</ttl>
        </expiry>
 
        <listeners>
            <listener>
                <class>com.baeldung.cachetest.config.CacheEventLogger</class>
                <event-firing-mode>ASYNCHRONOUS</event-firing-mode>
                <event-ordering-mode>UNORDERED</event-ordering-mode>
                <events-to-fire-on>CREATED</events-to-fire-on>
                <events-to-fire-on>EXPIRED</events-to-fire-on>
            </listener>
        </listeners>
 
        <resources>
            <heap unit="entries">2</heap>
            <offheap unit="MB">10</offheap>
        </resources>
    </cache>
 
</config>